id,title,description,link,image_link,price,availability,condition,brand,google_product_category,product_type,gtin,mpn
banner-curatenie-profesionala,Banner - Curățenie profesională,Banner pentru servicii de curățenie profesională.,https://prynt.ro/banner/curatenie-profesionala,https://prynt.ro/products/banner/curatenie-profesionala.jpg,55.00 RON,in stock,new,Prynt,Business & Industrial > Signage > Banners,Bannere Publicitare,,
banner-magazin-second-hand,Banner - Magazin second hand,Banner pentru magazine second hand.,https://prynt.ro/banner/magazin-second-hand,https://prynt.ro/products/banner/magazin-second-hand.jpg,55.00 RON,in stock,new,Prynt,Business & Industrial > Signage > Banners,Bannere Publicitare,,
banner-magazin-electrocasnice,Banner - Magazin electrocasnice,Banner pentru magazine de electrocasnice.,https://prynt.ro/banner/magazin-electrocasnice,https://prynt.ro/products/banner/magazin-electrocasnice.jpg,55.00 RON,in stock,new,Prynt,Business & Industrial > Signage > Banners,Bannere Publicitare,,
banner-magazin-gsm,Banner - Magazin GSM,Banner pentru magazine GSM și accesorii.,https://prynt.ro/banner/magazin-gsm,https://prynt.ro/products/banner/reparam-telefoane.jpg,55.00 RON,in stock,new,Prynt,Business & Industrial > Signage > Banners,Bannere Publicitare,,
banner-service-telefoane,Banner - Service telefoane,Banner pentru service telefoane și reparații.,https://prynt.ro/banner/service-telefoane,https://prynt.ro/products/banner/reparam-telefoane.jpg,55.00 RON,in stock,new,Prynt,Business & Industrial > Signage > Banners,Bannere Publicitare,,
banner-magazin-piese-auto,Banner - Magazin piese auto,Banner pentru magazine de piese auto.,https://prynt.ro/banner/magazin-piese-auto,https://prynt.ro/products/banner/piese-auto.jpg,55.00 RON,in stock,new,Prynt,Business & Industrial > Signage > Banners,Bannere Publicitare,,
banner-magazin-decoratiuni,Banner - Magazin decorațiuni,Banner pentru magazine de decorațiuni.,https://prynt.ro/banner/magazin-decoratiuni,https://prynt.ro/products/banner/magazin-decoratiuni.jpg,55.00 RON,in stock,new,Prynt,Business & Industrial > Signage > Banners,Bannere Publicitare,,
banner-magazin-papetarie,Banner - Magazin papetărie,Banner pentru papetării și rechizite.,https://prynt.ro/banner/magazin-papetarie,https://prynt.ro/products/banner/magazin-papetarie.jpg,55.00 RON,in stock,new,Prynt,Business & Industrial > Signage > Banners,Bannere Publicitare,,
banner-pet-shop,Banner - Pet Shop,Banner pentru pet shop și produse animale.,https://prynt.ro/banner/pet-shop,https://prynt.ro/products/banner/pet-shop.jpg,55.00 RON,in stock,new,Prynt,Business & Industrial > Signage > Banners,Bannere Publicitare,,
banner-magazin-sport,Banner - Magazin sport,Banner pentru magazine de articole sportive.,https://prynt.ro/banner/magazin-sport,https://prynt.ro/products/banner/magazin-sport.jpg,55.00 RON,in stock,new,Prynt,Business & Industrial > Signage > Banners,Bannere Publicitare,,
banner-magazin-pescuit,Banner - Magazin pescuit,Banner pentru magazine de pescuit și accesorii.,https://prynt.ro/banner/magazin-pescuit,https://prynt.ro/products/banner/magazin-pescuit.jpg,55.00 RON,in stock,new,Prynt,Business & Industrial > Signage > Banners,Bannere Publicitare,,
banner-magazin-mobila,Banner - Magazin mobilă,Banner pentru magazine de mobilier.,https://prynt.ro/banner/magazin-mobila,https://prynt.ro/products/banner/mobila-la-comanda.jpg,55.00 RON,in stock,new,Prynt,Business & Industrial > Signage > Banners,Bannere Publicitare,,
banner-mobila-la-comanda,Banner - Mobilă la comandă,Banner pentru mobilier la comandă.,https://prynt.ro/banner/mobila-la-comanda,https://prynt.ro/products/banner/mobila-la-comanda.jpg,55.00 RON,in stock,new,Prynt,Business & Industrial > Signage > Banners,Bannere Publicitare,,
banner-panificatie,Banner - Panificație,Banner pentru panificație și brutării.,https://prynt.ro/banner/panificatie,https://prynt.ro/products/banner/panificatie.jpg,55.00 RON,in stock,new,Prynt,Business & Industrial > Signage > Banners,Bannere Publicitare,,
banner-brutarie,Banner - Brutărie,Banner pentru brutării.,https://prynt.ro/banner/brutarie,https://prynt.ro/products/banner/brutarie.jpg,55.00 RON,in stock,new,Prynt,Business & Industrial > Signage > Banners,Bannere Publicitare,,
banner-restaurant,Banner - Restaurant,Banner pentru restaurante.,https://prynt.ro/banner/restaurant,https://prynt.ro/products/banner/restaurant.jpg,55.00 RON,in stock,new,Prynt,Business & Industrial > Signage > Banners,Bannere Publicitare,,
banner-pizzerie,Banner - Pizzerie,Banner pentru pizzerii.,https://prynt.ro/banner/pizzerie,https://prynt.ro/products/banner/pizzerie.jpg,55.00 RON,in stock,new,Prynt,Business & Industrial > Signage > Banners,Bannere Publicitare,,
banner-terasa,Banner - Terasă,Banner pentru terase și locuri de relaxare.,https://prynt.ro/banner/terasa,https://prynt.ro/products/banner/terasa.jpg,55.00 RON,in stock,new,Prynt,Business & Industrial > Signage > Banners,Bannere Publicitare,,
banner-livram-la-domiciliu,Banner - Livrăm la domiciliu,Banner pentru servicii de livrare la domiciliu.,https://prynt.ro/banner/livram-la-domiciliu,https://prynt.ro/products/banner/livram-la-domiciliu.jpg,55.00 RON,in stock,new,Prynt,Business & Industrial > Signage > Banners,Bannere Publicitare,,
banner-deschis-acum,Banner - Deschis acum,Banner pentru afișarea mesajului 'Deschis acum'.,https://prynt.ro/banner/deschis-acum,https://prynt.ro/products/banner/deschis-acum.jpg,55.00 RON,in stock,new,Prynt,Business & Industrial > Signage > Banners,Bannere Publicitare,,
banner-inchis-pentru-renovare,Banner - Închis pentru renovare,Banner pentru anunțuri 'Închis pentru renovare'.,https://prynt.ro/banner/inchis-pentru-renovare,https://prynt.ro/products/banner/inchis-pentru-renovare.jpg,55.00 RON,in stock,new,Prynt,Business & Industrial > Signage > Banners,Bannere Publicitare,,
banner-recrutam-personal,Banner - Recrutăm personal,Banner pentru anunțuri de recrutare.,https://prynt.ro/banner/recrutam-personal,https://prynt.ro/products/banner/recrutam-personal.jpg,55.00 RON,in stock,new,Prynt,Business & Industrial > Signage > Banners,Bannere Publicitare,,
banner-angajam,Banner - Angajăm!,Banner pentru anunțuri 'Angajăm'.,https://prynt.ro/banner/angajam,https://prynt.ro/products/banner/angajam-personal.jpg,55.00 RON,in stock,new,Prynt,Business & Industrial > Signage > Banners,Bannere Publicitare,,
banner-oferta-valabila-pana-la,Banner - Ofertă valabilă până la...,Banner pentru oferte cu termen limită.,https://prynt.ro/banner/oferta-valabila-pana-la,https://prynt.ro/products/banner/oferta-valabila-pana-la.jpg,55.00 RON,in stock,new,Prynt,Business & Industrial > Signage > Banners,Bannere Publicitare,,
banner-noua-colectie-a-sosit,Banner - Noua colecție a sosit,Banner pentru anunțuri 'Noua colecție a sosit'.,https://prynt.ro/banner/noua-colectie-a-sosit,https://prynt.ro/products/banner/produse-noi-disponibile.jpg,55.00 RON,in stock,new,Prynt,Business & Industrial > Signage > Banners,Bannere Publicitare,,
banner-in-stoc-limitat,Banner - În stoc limitat,Banner pentru anunțuri 'În stoc limitat'.,https://prynt.ro/banner/in-stoc-limitat,https://prynt.ro/products/banner/in-stoc.jpg,55.00 RON,in stock,new,Prynt,Business & Industrial > Signage > Banners,Bannere Publicitare,,
banner-produse-noi-disponibile,Banner - Produse noi disponibile,Banner pentru anunțuri 'Produse noi disponibile'.,https://prynt.ro/banner/produse-noi-disponibile,https://prynt.ro/products/banner/produse-noi-disponibile.jpg,55.00 RON,in stock,new,Prynt,Business & Industrial > Signage > Banners,Bannere Publicitare,,
banner-inchiriere-utilaje,Banner - Închiriere utilaje,Banner pentru servicii de închiriere utilaje.,https://prynt.ro/banner/inchiriere-utilaje,https://prynt.ro/products/banner/inchirieri-utilaje.jpg,55.00 RON,in stock,new,Prynt,Business & Industrial > Signage > Banners,Bannere Publicitare,,
banner-tipografie,Banner - Tipografie,Banner pentru servicii de tipografie.,https://prynt.ro/banner/tipografie,https://prynt.ro/products/banner/tipografie.jpg,55.00 RON,in stock,new,Prynt,Business & Industrial > Signage > Banners,Bannere Publicitare,,
banner-centru-de-copiere,Banner - Centru de copiere,Banner pentru centre de copiere și print.,https://prynt.ro/banner/centru-de-copiere,https://prynt.ro/products/banner/centru-de-copiere.jpg,55.00 RON,in stock,new,Prynt,Business & Industrial > Signage > Banners,Bannere Publicitare,,
banner-croitorie-retusuri,Banner - Croitorie / Retușuri,Banner pentru croitorii și servicii de retuș.,https://prynt.ro/banner/croitorie-retusuri,https://prynt.ro/products/banner/croitorie-retusari.jpg,55.00 RON,in stock,new,Prynt,Business & Industrial > Signage > Banners,Bannere Publicitare,,
banner-curatenie-la-domiciliu,Banner - Curățenie la domiciliu,Banner pentru servicii de curățenie la domiciliu.,https://prynt.ro/banner/curatenie-la-domiciliu,https://prynt.ro/products/banner/curatenie-la-domiciliu.jpg,55.00 RON,in stock,new,Prynt,Business & Industrial > Signage > Banners,Bannere Publicitare,,
banner-atelier-mecanic,Banner - Atelier mecanic,Banner pentru ateliere mecanice.,https://prynt.ro/banner/atelier-mecanic,https://prynt.ro/products/banner/atelier-mecanic.jpg,55.00 RON,in stock,new,Prynt,Business & Industrial > Signage > Banners,Bannere Publicitare,,
banner-detailing-auto,Banner - Detailing auto,Banner pentru servicii de detailing auto.,https://prynt.ro/banner/detailing-auto,https://prynt.ro/products/banner/detailing-auto.jpg,55.00 RON,in stock,new,Prynt,Business & Industrial > Signage > Banners,Bannere Publicitare,,
banner-inchiriere-birouri,Banner - Închiriere birouri,Banner pentru anunțuri de închiriere birouri.,https://prynt.ro/banner/inchiriere-birouri,https://prynt.ro/products/banner/inchiriere-birouri.jpg,55.00 RON,in stock,new,Prynt,Business & Industrial > Signage > Banners,Bannere Publicitare,,
banner-showroom-deschis,Banner - Showroom deschis,Banner pentru anunțul 'Showroom deschis'.,https://prynt.ro/banner/showroom-deschis,https://prynt.ro/products/banner/showroom-deschis.jpg,55.00 RON,in stock,new,Prynt,Business & Industrial > Signage > Banners,Bannere Publicitare,,
banner-lustragiu-cizmărie,Banner - Lustragiu / Cizmărie,Banner pentru servicii de lustragiu și cizmărie.,https://prynt.ro/banner/lustragiu-cizmărie,https://prynt.ro/products/banner/cizmarie.jpg,55.00 RON,in stock,new,Prynt,Business & Industrial > Signage > Banners,Bannere Publicitare,,
banner-curier-local,Banner - Curier local,Banner pentru servicii de curierat local.,https://prynt.ro/banner/curier-local,https://prynt.ro/products/banner/curier-local.jpg,55.00 RON,in stock,new,Prynt,Business & Industrial > Signage > Banners,Bannere Publicitare,,
banner-transport-marfa,Banner - Transport marfă,Banner pentru servicii de transport marfă.,https://prynt.ro/banner/transport-marfa,https://prynt.ro/products/banner/transport-marfa.jpg,55.00 RON,in stock,new,Prynt,Business & Industrial > Signage > Banners,Bannere Publicitare,,
banner-livram-in-toata-tara,Banner - Livrăm în toată țara,Banner pentru servicii cu livrare națională.,https://prynt.ro/banner/livram-in-toata-tara,https://prynt.ro/products/banner/livram-in-toata-tara.jpg,55.00 RON,in stock,new,Prynt,Business & Industrial > Signage > Banners,Bannere Publicitare,,
banner-magazin-handmade,Banner - Magazin handmade,Banner pentru magazine handmade și creativi.,https://prynt.ro/banner/magazin-handmade,https://prynt.ro/products/banner/magazin-handmade.jpg,55.00 RON,in stock,new,Prynt,Business & Industrial > Signage > Banners,Bannere Publicitare,,
banner-cadouri-personalizate,Banner - Cadouri personalizate,Banner pentru cadouri personalizate.,https://prynt.ro/banner/cadouri-personalizate,https://prynt.ro/products/banner/cadouri-personalizate.jpg,55.00 RON,in stock,new,Prynt,Business & Industrial > Signage > Banners,Bannere Publicitare,,
banner-produse-bio-eco,Banner - Produse bio / eco,Banner pentru produse bio și eco.,https://prynt.ro/banner/produse-bio-eco,https://prynt.ro/products/banner/produse-bio-eco.jpg,55.00 RON,in stock,new,Prynt,Business & Industrial > Signage > Banners,Bannere Publicitare,,
banner-atelier-bijuterii,Banner - Atelier bijuterii,Banner pentru ateliere de bijuterii.,https://prynt.ro/banner/atelier-bijuterii,https://prynt.ro/products/banner/atelier-bijuterii.jpg,55.00 RON,in stock,new,Prynt,Business & Industrial > Signage > Banners,Bannere Publicitare,,
banner-cofetarie-artizanala,Banner - Cofetărie artizanală,Banner pentru cofetării artizanale.,https://prynt.ro/banner/cofetarie-artizanala,https://prynt.ro/products/banner/cofetarie-artizanala.jpg,55.00 RON,in stock,new,Prynt,Business & Industrial > Signage > Banners,Bannere Publicitare,,
banner-incearca-noul-produs,Banner - Încearcă noul produs,Banner pentru promovarea unui produs nou.,https://prynt.ro/banner/incearca-noul-produs,https://prynt.ro/products/banner/incearca-noul-produs.jpg,55.00 RON,in stock,new,Prynt,Business & Industrial > Signage > Banners,Bannere Publicitare,,
banner-lichidare-totala,Banner - Lichidare totală,Banner pentru lichidare totală de stoc.,https://prynt.ro/banner/lichidare-totala,https://prynt.ro/products/banner/lichidare-totala.jpg,55.00 RON,in stock,new,Prynt,Business & Industrial > Signage > Banners,Bannere Publicitare,,
banner-promotie-de-vara,Banner - Promoție de vară,Banner pentru campanii de vară.,https://prynt.ro/banner/promotie-de-vara,https://prynt.ro/products/banner/promotie-de-vara.jpg,55.00 RON,in stock,new,Prynt,Business & Industrial > Signage > Banners,Bannere Publicitare,,
banner-reduceri-de-toamna,Banner - Reduceri de toamnă,Banner pentru reduceri de toamnă.,https://prynt.ro/banner/reduceri-de-toamna,https://prynt.ro/products/banner/reduceri-de-toamna.jpg,55.00 RON,in stock,new,Prynt,Business & Industrial > Signage > Banners,Bannere Publicitare,,
banner-black-friday,Banner - Black Friday,Banner pentru campanii Black Friday.,https://prynt.ro/banner/black-friday,https://prynt.ro/products/banner/black-friday.jpg,55.00 RON,in stock,new,Prynt,Business & Industrial > Signage > Banners,Bannere Publicitare,,
banner-winter-sale,Banner - Winter Sale,Banner pentru oferte de iarnă.,https://prynt.ro/banner/winter-sale,https://prynt.ro/products/banner/winter-sale.jpg,55.00 RON,in stock,new,Prynt,Business & Industrial > Signage > Banners,Bannere Publicitare,,
banner-oferta-exclusiva,Banner - Ofertă exclusivă,Banner pentru oferte exclusive.,https://prynt.ro/banner/oferta-exclusiva,https://prynt.ro/products/banner/oferta-exclusiva.jpg,55.00 RON,in stock,new,Prynt,Business & Industrial > Signage > Banners,Bannere Publicitare,,
banner-reparatii-laptopuri,Banner - Reparații laptopuri,Banner pentru service laptopuri.,https://prynt.ro/banner/reparatii-laptopuri,https://prynt.ro/products/banner/reparatii-laptopuri.jpg,55.00 RON,in stock,new,Prynt,Business & Industrial > Signage > Banners,Bannere Publicitare,,
banner-magazin-electronice,Banner - Magazin electronice,Banner pentru magazine electronice.,https://prynt.ro/banner/magazin-electronice,https://prynt.ro/products/banner/magazin-electronice.jpg,55.00 RON,in stock,new,Prynt,Business & Industrial > Signage > Banners,Bannere Publicitare,,
banner-magazin-electro-it,Banner - Magazin electro IT,Banner pentru magazine electro IT.,https://prynt.ro/banner/magazin-electro-it,https://prynt.ro/products/banner/magazin-electro-it.jpg,55.00 RON,in stock,new,Prynt,Business & Industrial > Signage > Banners,Bannere Publicitare,,
banner-reparam-telefoane,Banner - Reparăm telefoane,Banner pentru servicii de reparații telefoane.,https://prynt.ro/banner/reparam-telefoane,https://prynt.ro/products/banner/reparam-telefoane.jpg,55.00 RON,in stock,new,Prynt,Business & Industrial > Signage > Banners,Bannere Publicitare,,
banner-magazin-incaltaminte,Banner - Magazin încălțăminte,Banner pentru magazine de încălțăminte.,https://prynt.ro/banner/magazin-incaltaminte,https://prynt.ro/products/banner/magazin-incaltaminte.jpg,55.00 RON,in stock,new,Prynt,Business & Industrial > Signage > Banners,Bannere Publicitare,,
banner-magazin-haine,Banner - Magazin haine,Banner pentru magazine de haine.,https://prynt.ro/banner/magazin-haine,https://prynt.ro/products/banner/magazin-haine.jpg,55.00 RON,in stock,new,Prynt,Business & Industrial > Signage > Banners,Bannere Publicitare,,
banner-apartament-de-inchiriat,Banner - Apartament de închiriat,"Banner personalizat pentru promovarea apartamentelor de închiriat. Configurează dimensiuni, material și finisaje.",https://prynt.ro/banner/apartament-de-inchiriat,https://prynt.ro/products/banner/apartament-de-inchiriat.jpg,55.00 RON,in stock,new,Prynt,Business & Industrial > Signage > Banners,Bannere Publicitare,,
banner-apartament-de-vanzare,Banner - Apartament de vânzare,Banner personalizat pentru apartamente de vânzare.,https://prynt.ro/banner/apartament-de-vanzare,https://prynt.ro/products/banner/apartament-de-vanzare.jpg,55.00 RON,in stock,new,Prynt,Business & Industrial > Signage > Banners,Bannere Publicitare,,
banner-barbershop,Banner Barber Shop,Banner pentru frizerii și barber-shop-uri.,https://prynt.ro/banner/barbershop,https://prynt.ro/products/banner/barbershop.jpg,55.00 RON,in stock,new,Prynt,Business & Industrial > Signage > Banners,Bannere Publicitare,,
banner-cabinet-stomatologic,Banner Cabinet Stomatologic,Banner pentru cabinete stomatologice și anunțuri medicale.,https://prynt.ro/banner/cabinet-stomatologic,https://prynt.ro/products/banner/cabinet-stomatologic.jpg,55.00 RON,in stock,new,Prynt,Business & Industrial > Signage > Banners,Bannere Publicitare,,
banner-casa-de-inchiriat,Banner - Casă de închiriat,Banner pentru proprietăţi de închiriat.,https://prynt.ro/banner/casa-de-inchiriat,https://prynt.ro/products/banner/casa-de-inchiriat.jpg,55.00 RON,in stock,new,Prynt,Business & Industrial > Signage > Banners,Bannere Publicitare,,
banner-casa-de-vanzare,Banner - Casă de vânzare,Banner pentru proprietăţi de vânzare.,https://prynt.ro/banner/casa-de-vanzare,https://prynt.ro/products/banner/casa-de-vanzare.jpg,55.00 RON,in stock,new,Prynt,Business & Industrial > Signage > Banners,Bannere Publicitare,,
banner-de-inchiriat,Banner - De închiriat,Banner generic pentru anunţuri 'de închiriat'.,https://prynt.ro/banner/de-inchiriat,https://prynt.ro/products/banner/de-inchiriat.jpg,55.00 RON,in stock,new,Prynt,Business & Industrial > Signage > Banners,Bannere Publicitare,,
banner-fastfood,Banner Fast-Food,Banner pentru restaurante de tip fast-food și livrări.,https://prynt.ro/banner/fastfood,https://prynt.ro/products/banner/fastfood.jpg,55.00 RON,in stock,new,Prynt,Business & Industrial > Signage > Banners,Bannere Publicitare,,
banner-fructe-si-legume,Banner Fructe și Legume,"Banner pentru pieţe, tarabe și magazine de fructe și legume.",https://prynt.ro/banner/fructe-si-legume,https://prynt.ro/products/banner/fructe-si-legume.jpg,55.00 RON,in stock,new,Prynt,Business & Industrial > Signage > Banners,Bannere Publicitare,,
banner-garsoniera-de-inchiriat,Banner Garsonieră de închiriat,Banner pentru garsoniere de închiriat.,https://prynt.ro/banner/garsoniera-de-inchiriat,https://prynt.ro/products/banner/garsoniera-de-inchiriat.jpg,55.00 RON,in stock,new,Prynt,Business & Industrial > Signage > Banners,Bannere Publicitare,,
banner-garsoniera-de-vanzare,Banner Garsonieră de vânzare,Banner pentru garsoniere de vânzare.,https://prynt.ro/banner/garsoniera-de-vanzare,https://prynt.ro/products/banner/garsoniera-de-vanzare.jpg,55.00 RON,in stock,new,Prynt,Business & Industrial > Signage > Banners,Bannere Publicitare,,
banner-la-multi-ani,Banner La mulți ani!,Banner de felicitare pentru aniversări și evenimente.,https://prynt.ro/banner/la-multi-ani,https://prynt.ro/products/banner/la-multi-ani.jpg,55.00 RON,in stock,new,Prynt,Business & Industrial > Signage > Banners,Bannere Publicitare,,
banner-magazin-alimentar,Banner Magazin Alimentar,Banner pentru magazine alimentare și promoții.,https://prynt.ro/banner/magazin-alimentar,https://prynt.ro/products/banner/magazin-alimentar.jpg,55.00 RON,in stock,new,Prynt,Business & Industrial > Signage > Banners,Bannere Publicitare,,
banner-nu-blocati,Banner Nu blocați,Banner pentru avertismente — 'Nu blocați'.,https://prynt.ro/banner/nu-blocati,https://prynt.ro/products/banner/nu-blocati.jpg,55.00 RON,in stock,new,Prynt,Business & Industrial > Signage > Banners,Bannere Publicitare,,
banner-produs-in-romania,Banner – Produs în România,Banner care marchează originile produsului 'Produs în România'.,https://prynt.ro/banner/produs-in-romania,https://prynt.ro/products/banner/produs-in-romania.jpg,55.00 RON,in stock,new,Prynt,Business & Industrial > Signage > Banners,Bannere Publicitare,,
banner-rent-a-car,Banner Rent-a-Car,Banner pentru servicii de închiriere auto.,https://prynt.ro/banner/rent-a-car,https://prynt.ro/products/banner/rent-a-car.jpg,55.00 RON,in stock,new,Prynt,Business & Industrial > Signage > Banners,Bannere Publicitare,,
banner-service-auto,Banner Service Auto,Banner pentru service-uri auto și anunţuri tehnice.,https://prynt.ro/banner/service-auto,https://prynt.ro/products/banner/service-auto.jpg,55.00 RON,in stock,new,Prynt,Business & Industrial > Signage > Banners,Bannere Publicitare,,
banner-servicii-medicale,Banner Servicii medicale,Banner pentru clinici și servicii medicale.,https://prynt.ro/banner/servicii-medicale,https://prynt.ro/products/banner/servicii-medicale.jpg,55.00 RON,in stock,new,Prynt,Business & Industrial > Signage > Banners,Bannere Publicitare,,
banner-spalatorie-haine,Banner Spălătorie haine,Banner pentru spălătorii auto sau de haine.,https://prynt.ro/banner/spalatorie-haine,https://prynt.ro/products/banner/spalatorie-haine.jpg,55.00 RON,in stock,new,Prynt,Business & Industrial > Signage > Banners,Bannere Publicitare,,
banner-spatiu-de-inchiriat,Banner Spaţiu de închiriat,Banner pentru spaţii comerciale sau industriale de închiriat.,https://prynt.ro/banner/spatiu-de-inchiriat,https://prynt.ro/products/banner/spatiu-de-inchiriat.jpg,55.00 RON,in stock,new,Prynt,Business & Industrial > Signage > Banners,Bannere Publicitare,,
banner-spatiu-de-vanzare,Banner Spaţiu de vânzare,Banner pentru spaţii de vânzare.,https://prynt.ro/banner/spatiu-de-vanzare,https://prynt.ro/products/banner/spatiu-de-vanzare.jpg,55.00 RON,in stock,new,Prynt,Business & Industrial > Signage > Banners,Bannere Publicitare,,
banner-teren-de-inchiriat,Banner Teren de închiriat,"Banner pentru terenuri de închiriat (teren, loturi).",https://prynt.ro/banner/teren-de-inchiriat,https://prynt.ro/products/banner/teren-de-inchiriat.jpg,55.00 RON,in stock,new,Prynt,Business & Industrial > Signage > Banners,Bannere Publicitare,,
banner-teren-de-vanzare,Banner Teren de vânzare,Banner pentru terenuri de vânzare.,https://prynt.ro/banner/teren-de-vanzare,https://prynt.ro/products/banner/teren-de-vanzare.jpg,55.00 RON,in stock,new,Prynt,Business & Industrial > Signage > Banners,Bannere Publicitare,,
banner-vila-de-inchiriat,Banner Vilă de închiriat,Banner pentru vile de închiriat.,https://prynt.ro/banner/vila-de-inchiriat,https://prynt.ro/products/banner/vila-de-inchiriat.jpg,55.00 RON,in stock,new,Prynt,Business & Industrial > Signage > Banners,Bannere Publicitare,,
banner-vila-de-vanzare,Banner Vilă de vânzare,Banner pentru vile de vânzare.,https://prynt.ro/banner/vila-de-vanzare,https://prynt.ro/products/banner/vila-de-vanzare.jpg,55.00 RON,in stock,new,Prynt,Business & Industrial > Signage > Banners,Bannere Publicitare,,
banner-vulcanizare,Banner Vulcanizare,Banner pentru service-uri de vulcanizare și anunţuri auto.,https://prynt.ro/banner/vulcanizare,https://prynt.ro/products/banner/vulcanizare.jpg,55.00 RON,in stock,new,Prynt,Business & Industrial > Signage > Banners,Bannere Publicitare,,